Key,File,Type,UsedInMainMenu,NoTranslate,KeepLoaded,english,Context / Alternate Text,german,spanish,french,italian,japanese,koreana,polish,brazilian,russian,turkish,schinese,tchinese
ttHoldTo,,,,,,Hold {0} for {1},,Halte {0} gedrückt für {1},Mantén pulsado {0} para {1},Maintenez {0} pour {1},Tieni premuto {0} per {1},{0}を長押しして{1},{0}을(를) 길게 눌러 {1},"Przytrzymaj {0}, aby {1}",Segure {0} para {1},"Удерживайте {0}, чтобы {1}",{1} için {0} tuşunu basılı tut,按住 {0} 以 {1},長按 {0} 以 {1}
orderMenu,,,,,,Order Menu,,Befehlsmenü,Menú de comandos,Menu de commandes,Menu comandi,命令メニュー,명령 메뉴,Menu rozkazów,Menu de comandos,Меню команд,Emir Menüsü,命令菜单,命令選單
chhPressToFeedAnimal,,,,,,Press {0} to feed {1},,"Drücke {0}, um {1} zu füttern",Pulsa {0} para alimentar a {1},Appuyez sur {0} pour nourrir {1},Premi {0} per nutrire {1},{0}を押して{1}に餌をやる,{0}을(를) 눌러 {1}에게 먹이 주기,"Naciśnij {0}, aby nakarmić {1}",Aperte {0} para alimentar {1},"Нажмите {0}, чтобы накормить {1}",{1} beslemek için {0} tuşuna bas,按 {0} 喂食 {1},按 {0} 餵食 {1}
chhPressToSedateAnimal,,,,,,Press {0} to sedate {1},,"Drücke {0}, um {1} zu betäuben",Pulsa {0} para sedar a {1},Appuyez sur {0} pour tranquilliser {1},Premi {0} per sedare {1},{0}を押して{1}を麻酔する,{0}을(를) 눌러 {1} 마취하기,"Naciśnij {0}, aby uśpić {1}",Aperte {0} para sedar {1},"Нажмите {0}, чтобы усыпить {1}",{1} sakinleştirmek için {0} tuşuna bas,按 {0} 麻醉 {1},按 {0} 麻醉 {1}
chhAnimalTooScaredToFeed,,,,,,Animal is too scared to feed,,Das Tier hat zu viel Angst und lässt sich nicht füttern,El animal tiene demasiado miedo para aceptar comida,L'animal a trop peur pour accepter de la nourriture,L'animale ha troppa paura per farsi nutrire,動物が怖がっていて餌を受け取れない,동물이 너무 무서워 먹이를 받지 않음,"Zwierzę jest zbyt przestraszone, by przyjąć pokarm",O animal está com medo demais para aceitar comida,Животное слишком напугано и не принимает еду,"Hayvan çok korkmuş, yem kabul etmiyor",动物太害怕，不肯接受喂食,動物太害怕，不肯接受餵食
chhAnimalNotHungry,,,,,,Animal is not hungry,,Das Tier hat keinen Hunger,El animal no tiene hambre,L'animal n'a pas faim,L'animale non ha fame,動物はお腹が空いていない,동물이 배가 고프지 않음,Zwierzę nie jest głodne,O animal não está com fome,Животное не голодно,Hayvan aç değil,动物不饿,動物不餓
chhAnimalTooFarToFeed,,,,,,Too far away to feed,,Zu weit entfernt zum Füttern,Demasiado lejos para alimentar,Trop loin pour nourrir,Troppo lontano per nutrire,餌をやるには遠すぎる,먹이를 주기엔 너무 멀음,"Za daleko, by nakarmić",Longe demais para alimentar,"Слишком далеко, чтобы накормить",Beslemek için çok uzak,距离太远，无法喂食,距離太遠，無法餵食
follow,,,,,,Follow,,Folgen,Seguir,Suivre,Segui,ついてくる,따라오기,Podążaj,Seguir,Следовать,Takip Et,跟随,跟隨
stay,,,,,,Stay,,Bleiben,Quedarse,Rester,Resta,待機,대기,Zostań,Ficar,Ждать,Kal,待命,待命
guarding,,,,,,Guarding,,Bewachung,En guardia,En surveillance,Di guardia,護衛中,경계 중,Na straży,Em guarda,На страже,Nöbette,守卫中,守衛中
rename,,,,,,Rename,,Umbenennen,Renombrar,Renommer,Rinomina,名前変更,이름 변경,Zmień nazwę,Renomear,Переименовать,Yeniden Adlandır,重命名,重新命名
stats,,,,,,Stats,,Werte,Estadísticas,Stats,Statistiche,ステータス,능력치,Statystyki,Estatísticas,Характеристики,İstatistikler,属性,屬性
passive,,,,,,Passive,,Passiv,Pasivo,Passif,Passivo,パッシブ,패시브,Pasywny,Passivo,Пассивный,Pasif,被动,被動
aggressive,,,,,,Aggressive,,Aggressiv,Agresivo,Agressif,Aggressivo,アグレッシブ,어그레시브,Agresywny,Agressivo,Агрессивный,Agresif,攻击性,攻擊性
enablexpshare,,,,,,Enable XP Share,,EP-Teilen aktivieren,Activar compartir EXP,Activer le partage d'EXP,Attiva condivisione PE,経験値共有を有効化,경험치 공유 켜기,Włącz dzielenie PD,Ativar compartilhamento de EXP,Включить общий опыт,DP Paylaşımını Aç,启用经验值共享,啟用經驗值共享
disablexpshare,,,,,,Disable XP Share,,EP-Teilen deaktivieren,Desactivar compartir EXP,Désactiver le partage d'EXP,Disattiva condivisione PE,経験値共有を無効化,경험치 공유 끄기,Wyłącz dzielenie PD,Desativar compartilhamento de EXP,Отключить общий опыт,DP Paylaşımını Kapat,禁用经验值共享,停用經驗值共享
guardlocation_on,,,,,,Guard Location,,Standort bewachen,Proteger ubicación,Garder l'emplacement,Difendi posizione,この場所を護衛,이 위치 지키기,Strzeż tego miejsca,Proteger este local,Охранять это место,Bu konumu koru,守卫此地,守衛此地
guardlocation_off,,,,,,Disable Guard,,Bewachung beenden,Dejar de proteger,Arrêter la surveillance,Disattiva guardia,護衛を解除,경계 해제,Wyłącz straż,Desativar guarda,Снять охрану,Nöbeti bitir,结束守卫,結束守衛
pet,,,,,,Pet,,Streicheln,Acariciar,Caresser,Accarezza,なでる,쓰다듬기,Pogłaszcz,Fazer carinho,Погладить,Sev,抚摸,撫摸
TamingFoodT1,,,,,,Wolf Taming Food T1,,Wolfszähmfutter T1,Comida para domesticar lobos T1,Nourriture d'apprivoisement de loup T1,Cibo per addomesticare lupi T1,狼テイムフード T1,늑대 길들이기 먹이 T1,Pokarm do oswajania wilków T1,Comida para domesticar lobos T1,Еда для приручения волков T1,Kurt Ehlileştirme Yemi T1,狼驯化食物 T1,狼馴化食物 T1
TamingFoodT1_Desc,,,,,,Basic food to tame wolves. Can also heal tamed wolves. Craftable without tools.,,Einfaches Futter zum Zähmen von Wölfen. Heilt auch gezähmte Wölfe. Ohne Werkzeuge herstellbar.,Comida básica para domesticar lobos. También cura a los lobos domesticados. Se puede fabricar sin herramientas.,Nourriture basique pour apprivoiser les loups. Soigne aussi les loups apprivoisés. Fabricable sans outils.,Cibo base per addomesticare i lupi. Cura anche i lupi addomesticati. Realizzabile senza strumenti.,狼をテイムする基本の餌。テイムした狼も回復できる。道具なしで作成可能。,늑대를 길들이는 기본 먹이. 길들인 늑대도 치료할 수 있음. 도구 없이 제작 가능.,Podstawowy pokarm do oswajania wilków. Leczy też oswojone wilki. Można wytworzyć bez narzędzi.,Comida básica para domesticar lobos. Também cura lobos domesticados. Pode ser fabricada sem ferramentas.,Базовая еда для приручения волков. Также лечит прирученных волков. Создаётся без инструментов.,Kurtları ehlileştirmek için temel yiyecek. Ehlileştirilmiş kurtları da iyileştirir. Araçsız üretilebilir.,用于驯服狼的基础食物。也可治疗已驯服的狼。无需工具即可制作。,用於馴服狼的基礎食物。也可治療已馴服的狼。無需工具即可製作。
TamingFoodT2,,,,,,Wolf Taming Food T2,,Wolfszähmfutter T2,Comida para domesticar lobos T2,Nourriture d'apprivoisement de loup T2,Cibo per addomesticare lupi T2,狼テイムフード T2,늑대 길들이기 먹이 T2,Pokarm do oswajania wilków T2,Comida para domesticar lobos T2,Еда для приручения волков T2,Kurt Ehlileştirme Yemi T2,狼驯化食物 T2,狼馴化食物 T2
TamingFoodT2_Desc,,,,,,Improved food to tame wolves. Can also heal tamed wolves. Craftable without tools.,,Verbessertes Futter zum Zähmen von Wölfen. Heilt auch gezähmte Wölfe. Ohne Werkzeuge herstellbar.,Comida mejorada para domesticar lobos. También cura a los lobos domesticados. Se puede fabricar sin herramientas.,Nourriture améliorée pour apprivoiser les loups. Soigne aussi les loups apprivoisés. Fabricable sans outils.,Cibo migliorato per addomesticare i lupi. Cura anche i lupi addomesticati. Realizzabile senza strumenti.,狼をテイムする改良餌。テイムした狼も回復できる。道具なしで作成可能。,늑대를 길들이는 개선된 먹이. 길들인 늑대도 치료할 수 있음. 도구 없이 제작 가능.,Ulepszony pokarm do oswajania wilków. Leczy też oswojone wilki. Można wytworzyć bez narzędzi.,Comida aprimorada para domesticar lobos. Também cura lobos domesticados. Pode ser fabricada sem ferramentas.,Улучшенная еда для приручения волков. Также лечит прирученных волков. Создаётся без инструментов.,Kurtları ehlileştirmek için geliştirilmiş yiyecek. Ehlileştirilmiş kurtları da iyileştirir. Araçsız üretilebilir.,用于驯服狼的改良食物。也可治疗已驯服的狼。无需工具即可制作。,用於馴服狼的改良食物。也可治療已馴服的狼。無需工具即可製作。
TamingFoodT3,,,,,,Wolf Taming Food T3,,Wolfszähmfutter T3,Comida para domesticar lobos T3,Nourriture d'apprivoisement de loup T3,Cibo per addomesticare lupi T3,狼テイムフード T3,늑대 길들이기 먹이 T3,Pokarm do oswajania wilków T3,Comida para domesticar lobos T3,Еда для приручения волков T3,Kurt Ehlileştirme Yemi T3,狼驯化食物 T3,狼馴化食物 T3
TamingFoodT3_Desc,,,,,,Advanced food to tame wolves. Can also heal tamed wolves. Requires workbench.,,Fortschrittliches Futter zum Zähmen von Wölfen. Heilt auch gezähmte Wölfe. Benötigt eine Werkbank.,Comida avanzada para domesticar lobos. También cura a los lobos domesticados. Requiere una mesa de trabajo.,Nourriture avancée pour apprivoiser les loups. Soigne aussi les loups apprivoisés. Nécessite un établi.,Cibo avanzato per addomesticare i lupi. Cura anche i lupi addomesticati. Richiede un banco da lavoro.,狼をテイムする上級餌。テイムした狼も回復できる。作業台が必要。,늑대를 길들이는 고급 먹이. 길들인 늑대도 치료할 수 있음. 작업대 필요.,Zaawansowany pokarm do oswajania wilków. Leczy też oswojone wilki. Wymaga warsztatu.,Comida avançada para domesticar lobos. Também cura lobos domesticados. Requer uma bancada.,Продвинутая еда для приручения волков. Также лечит прирученных волков. Требуется верстак.,Kurtları ehlileştirmek için gelişmiş yiyecek. Ehlileştirilmiş kurtları da iyileştirir. Çalışma tezgâhı gerektirir.,用于驯服狼的高级食物。也可治疗已驯服的狼。需要工作台。,用於馴服狼的高級食物。也可治療已馴服的狼。需要工作臺。
TamingFoodT4,,,,,,Wolf Taming Food T4,,Wolfszähmfutter T4,Comida para domesticar lobos T4,Nourriture d'apprivoisement de loup T4,Cibo per addomesticare lupi T4,狼テイムフード T4,늑대 길들이기 먹이 T4,Pokarm do oswajania wilków T4,Comida para domesticar lobos T4,Еда для приручения волков T4,Kurt Ehlileştirme Yemi T4,狼驯化食物 T4,狼馴化食物 T4
TamingFoodT4_Desc,,,,,,Superior food to tame wolves. Can also heal tamed wolves. Requires workbench.,,Hochwertiges Futter zum Zähmen von Wölfen. Heilt auch gezähmte Wölfe. Benötigt eine Werkbank.,Comida superior para domesticar lobos. También cura a los lobos domesticados. Requiere una mesa de trabajo.,Nourriture supérieure pour apprivoiser les loups. Soigne aussi les loups apprivoisés. Nécessite un établi.,Cibo superiore per addomesticare i lupi. Cura anche i lupi addomesticati. Richiede un banco da lavoro.,狼をテイムする上等餌。テイムした狼も回復できる。作業台が必要。,늑대를 길들이는 최상급 먹이. 길들인 늑대도 치료할 수 있음. 작업대 필요.,Doskonały pokarm do oswajania wilków. Leczy też oswojone wilki. Wymaga warsztatu.,Comida superior para domesticar lobos. Também cura lobos domesticados. Requer uma bancada.,Превосходная еда для приручения волков. Также лечит прирученных волков. Требуется верстак.,Kurtları ehlileştirmek için üstün yiyecek. Ehlileştirilmiş kurtları da iyileştirir. Çalışma tezgâhı gerektirir.,用于驯服狼的优质食物。也可治疗已驯服的狼。需要工作台。,用於馴服狼的優質食物。也可治療已馴服的狼。需要工作臺。
TamingFoodT5,,,,,,Wolf Taming Food T5,,Wolfszähmfutter T5,Comida para domesticar lobos T5,Nourriture d'apprivoisement de loup T5,Cibo per addomesticare lupi T5,狼テイムフード T5,늑대 길들이기 먹이 T5,Pokarm do oswajania wilków T5,Comida para domesticar lobos T5,Еда для приручения волков T5,Kurt Ehlileştirme Yemi T5,狼驯化食物 T5,狼馴化食物 T5
TamingFoodT5_Desc,,,,,,Elite food to tame wolves. Can also heal tamed wolves. Requires workbench.,,Elite-Futter zum Zähmen von Wölfen. Heilt auch gezähmte Wölfe. Benötigt eine Werkbank.,Comida de élite para domesticar lobos. También cura a los lobos domesticados. Requiere una mesa de trabajo.,Nourriture d'élite pour apprivoiser les loups. Soigne aussi les loups apprivoisés. Nécessite un établi.,Cibo d'élite per addomesticare i lupi. Cura anche i lupi addomesticati. Richiede un banco da lavoro.,狼をテイムするエリート餌。テイムした狼も回復できる。作業台が必要。,늑대를 길들이는 엘리트 먹이. 길들인 늑대도 치료할 수 있음. 작업대 필요.,Elitarny pokarm do oswajania wilków. Leczy też oswojone wilki. Wymaga warsztatu.,Comida de elite para domesticar lobos. Também cura lobos domesticados. Requer uma bancada.,Элитная еда для приручения волков. Также лечит прирученных волков. Требуется верстак.,Kurtları ehlileştirmek için elit yiyecek. Ehlileştirilmiş kurtları da iyileştirir. Çalışma tezgâhı gerektirir.,用于驯服狼的精英食物。也可治疗已驯服的狼。需要工作台。,用於馴服狼的精英食物。也可治療已馴服的狼。需要工作臺。
tranqArrowT1,,,,,,Tranquilizer Arrow T1,,Betäubungspfeil T1,Flecha tranquilizante T1,Flèche tranquillisante T1,Freccia tranquillante T1,麻酔矢 T1,마취 화살 T1,Strzała usypiająca T1,Flecha tranquilizante T1,Усыпляющая стрела T1,Sakinleştirici Ok T1,麻醉箭 T1,麻醉箭 T1
tranqArrowT1_Desc,,,,,,Basic tranquilizer arrow for sedating animals.,,Einfacher Betäubungspfeil zum Betäuben von Tieren.,Flecha tranquilizante básica para sedar animales.,Flèche tranquillisante basique pour tranquilliser les animaux.,Freccia tranquillante base per sedare gli animali.,動物を麻酔する基本の麻酔矢。,동물을 마취하는 기본 마취 화살.,Podstawowa strzała usypiająca do usypiania zwierząt.,Flecha tranquilizante básica para sedar animais.,Базовая усыпляющая стрела для животных.,Hayvanları sakinleştirmek için temel ok.,用于麻醉动物的基础麻醉箭。,用於麻醉動物的基礎麻醉箭。
tranqArrowT2,,,,,,Tranquilizer Arrow T2,,Betäubungspfeil T2,Flecha tranquilizante T2,Flèche tranquillisante T2,Freccia tranquillante T2,麻酔矢 T2,마취 화살 T2,Strzała usypiająca T2,Flecha tranquilizante T2,Усыпляющая стрела T2,Sakinleştirici Ok T2,麻醉箭 T2,麻醉箭 T2
tranqArrowT2_Desc,,,,,,Improved tranquilizer arrow for sedating animals.,,Verbesserter Betäubungspfeil zum Betäuben von Tieren.,Flecha tranquilizante mejorada para sedar animales.,Flèche tranquillisante améliorée pour tranquilliser les animaux.,Freccia tranquillante migliorata per sedare gli animali.,動物を麻酔する改良麻酔矢。,동물을 마취하는 개선된 마취 화살.,Ulepszona strzała usypiająca do usypiania zwierząt.,Flecha tranquilizante aprimorada para sedar animais.,Улучшенная усыпляющая стрела для животных.,Hayvanları sakinleştirmek için geliştirilmiş ok.,用于麻醉动物的改良麻醉箭。,用於麻醉動物的改良麻醉箭。
tranqArrowT3,,,,,,Tranquilizer Arrow T3,,Betäubungspfeil T3,Flecha tranquilizante T3,Flèche tranquillisante T3,Freccia tranquillante T3,麻酔矢 T3,마취 화살 T3,Strzała usypiająca T3,Flecha tranquilizante T3,Усыпляющая стрела T3,Sakinleştirici Ok T3,麻醉箭 T3,麻醉箭 T3
tranqArrowT3_Desc,,,,,,Advanced tranquilizer arrow for sedating animals. Requires workbench.,,Fortschrittlicher Betäubungspfeil zum Betäuben von Tieren. Benötigt eine Werkbank.,Flecha tranquilizante avanzada para sedar animales. Requiere una mesa de trabajo.,Flèche tranquillisante avancée pour tranquilliser les animaux. Nécessite un établi.,Freccia tranquillante avanzata per sedare gli animali. Richiede un banco da lavoro.,動物を麻酔する上級麻酔矢。作業台が必要。,동물을 마취하는 고급 마취 화살. 작업대 필요.,Zaawansowana strzała usypiająca do usypiania zwierząt. Wymaga warsztatu.,Flecha tranquilizante avançada para sedar animais. Requer uma bancada.,Продвинутая усыпляющая стрела для животных. Требуется верстак.,Hayvanları sakinleştirmek için gelişmiş ok. Çalışma tezgâhı gerektirir.,用于麻醉动物的高级麻醉箭。需要工作台。,用於麻醉動物的高級麻醉箭。需要工作臺。
tranqArrowT4,,,,,,Tranquilizer Arrow T4,,Betäubungspfeil T4,Flecha tranquilizante T4,Flèche tranquillisante T4,Freccia tranquillante T4,麻酔矢 T4,마취 화살 T4,Strzała usypiająca T4,Flecha tranquilizante T4,Усыпляющая стрела T4,Sakinleştirici Ok T4,麻醉箭 T4,麻醉箭 T4
tranqArrowT4_Desc,,,,,,Superior tranquilizer arrow for sedating animals. Requires workbench.,,Hochwertiger Betäubungspfeil zum Betäuben von Tieren. Benötigt eine Werkbank.,Flecha tranquilizante superior para sedar animales. Requiere una mesa de trabajo.,Flèche tranquillisante supérieure pour tranquilliser les animaux. Nécessite un établi.,Freccia tranquillante superiore per sedare gli animali. Richiede un banco da lavoro.,動物を麻酔する上等麻酔矢。作業台が必要。,동물을 마취하는 최상급 마취 화살. 작업대 필요.,Doskonała strzała usypiająca do usypiania zwierząt. Wymaga warsztatu.,Flecha tranquilizante superior para sedar animais. Requer uma bancada.,Превосходная усыпляющая стрела для животных. Требуется верстак.,Hayvanları sakinleştirmek için üstün ok. Çalışma tezgâhı gerektirir.,用于麻醉动物的优质麻醉箭。需要工作台。,用於麻醉動物的優質麻醉箭。需要工作臺。
tranqArrowT5,,,,,,Tranquilizer Arrow T5,,Betäubungspfeil T5,Flecha tranquilizante T5,Flèche tranquillisante T5,Freccia tranquillante T5,麻酔矢 T5,마취 화살 T5,Strzała usypiająca T5,Flecha tranquilizante T5,Усыпляющая стрела T5,Sakinleştirici Ok T5,麻醉箭 T5,麻醉箭 T5
tranqArrowT5_Desc,,,,,,Elite tranquilizer arrow for sedating animals. Requires workbench.,,Elite-Betäubungspfeil zum Betäuben von Tieren. Benötigt eine Werkbank.,Flecha tranquilizante de élite para sedar animales. Requiere una mesa de trabajo.,Flèche tranquillisante d'élite pour tranquilliser les animaux. Nécessite un établi.,Freccia tranquillante d'élite per sedare gli animali. Richiede un banco da lavoro.,動物を麻酔するエリート麻酔矢。作業台が必要。,동물을 마취하는 엘리트 마취 화살. 작업대 필요.,Elitarna strzała usypiająca do usypiania zwierząt. Wymaga warsztatu.,Flecha tranquilizante de elite para sedar animais. Requer uma bancada.,Элитная усыпляющая стрела для животных. Требуется верстак.,Hayvanları sakinleştirmek için elit ok. Çalışma tezgâhı gerektirir.,用于麻醉动物的精英麻醉箭。需要工作台。,用於麻醉動物的精英麻醉箭。需要工作臺。
tranqBoltT1,,,,,,Tranquilizer Bolt T1,,Betäubungsbolzen T1,Saeta tranquilizante T1,Carreau tranquillisant T1,Dardo tranquillante T1,麻酔ボルト T1,마취 볼트 T1,Bełt usypiający T1,Virote tranquilizante T1,Усыпляющий болт T1,Sakinleştirici Arbalet Oku T1,麻醉弩箭 T1,麻醉十字弓箭 T1
tranqBoltT1_Desc,,,,,,Basic tranquilizer bolt for sedating animals.,,Einfacher Betäubungsbolzen zum Betäuben von Tieren.,Saeta tranquilizante básica para sedar animales.,Carreau tranquillisant basique pour tranquilliser les animaux.,Dardo tranquillante base per sedare gli animali.,動物を麻酔する基本の麻酔ボルト。,동물을 마취하는 기본 마취 볼트.,Podstawowy bełt usypiający do usypiania zwierząt.,Virote tranquilizante básico para sedar animais.,Базовый усыпляющий болт для животных.,Hayvanları sakinleştirmek için temel arbalet oku.,用于麻醉动物的基础麻醉弩箭。,用於麻醉動物的基礎麻醉十字弓箭。
tranqBoltT2,,,,,,Tranquilizer Bolt T2,,Betäubungsbolzen T2,Saeta tranquilizante T2,Carreau tranquillisant T2,Dardo tranquillante T2,麻酔ボルト T2,마취 볼트 T2,Bełt usypiający T2,Virote tranquilizante T2,Усыпляющий болт T2,Sakinleştirici Arbalet Oku T2,麻醉弩箭 T2,麻醉十字弓箭 T2
tranqBoltT2_Desc,,,,,,Improved tranquilizer bolt for sedating animals.,,Verbesserter Betäubungsbolzen zum Betäuben von Tieren.,Saeta tranquilizante mejorada para sedar animales.,Carreau tranquillisant amélioré pour tranquilliser les animaux.,Dardo tranquillante migliorato per sedare gli animali.,動物を麻酔する改良麻酔ボルト。,동물을 마취하는 개선된 마취 볼트.,Ulepszony bełt usypiający do usypiania zwierząt.,Virote tranquilizante aprimorado para sedar animais.,Улучшенный усыпляющий болт для животных.,Hayvanları sakinleştirmek için geliştirilmiş arbalet oku.,用于麻醉动物的改良麻醉弩箭。,用於麻醉動物的改良麻醉十字弓箭。
tranqBoltT3,,,,,,Tranquilizer Bolt T3,,Betäubungsbolzen T3,Saeta tranquilizante T3,Carreau tranquillisant T3,Dardo tranquillante T3,麻酔ボルト T3,마취 볼트 T3,Bełt usypiający T3,Virote tranquilizante T3,Усыпляющий болт T3,Sakinleştirici Arbalet Oku T3,麻醉弩箭 T3,麻醉十字弓箭 T3
tranqBoltT3_Desc,,,,,,Advanced tranquilizer bolt for sedating animals. Requires workbench.,,Fortschrittlicher Betäubungsbolzen zum Betäuben von Tieren. Benötigt eine Werkbank.,Saeta tranquilizante avanzada para sedar animales. Requiere una mesa de trabajo.,Carreau tranquillisant avancé pour tranquilliser les animaux. Nécessite un établi.,Dardo tranquillante avanzato per sedare gli animali. Richiede un banco da lavoro.,動物を麻酔する上級麻酔ボルト。作業台が必要。,동물을 마취하는 고급 마취 볼트. 작업대 필요.,Zaawansowany bełt usypiający do usypiania zwierząt. Wymaga warsztatu.,Virote tranquilizante avançado para sedar animais. Requer uma bancada.,Продвинутый усыпляющий болт для животных. Требуется верстак.,Hayvanları sakinleştirmek için gelişmiş arbalet oku. Çalışma tezgâhı gerektirir.,用于麻醉动物的高级麻醉弩箭。需要工作台。,用於麻醉動物的高級麻醉十字弓箭。需要工作臺。
tranqBoltT4,,,,,,Tranquilizer Bolt T4,,Betäubungsbolzen T4,Saeta tranquilizante T4,Carreau tranquillisant T4,Dardo tranquillante T4,麻酔ボルト T4,마취 볼트 T4,Bełt usypiający T4,Virote tranquilizante T4,Усыпляющий болт T4,Sakinleştirici Arbalet Oku T4,麻醉弩箭 T4,麻醉十字弓箭 T4
tranqBoltT4_Desc,,,,,,Superior tranquilizer bolt for sedating animals. Requires workbench.,,Hochwertiger Betäubungsbolzen zum Betäuben von Tieren. Benötigt eine Werkbank.,Saeta tranquilizante superior para sedar animales. Requiere una mesa de trabajo.,Carreau tranquillisant supérieur pour tranquilliser les animaux. Nécessite un établi.,Dardo tranquillante superiore per sedare gli animali. Richiede un banco da lavoro.,動物を麻酔する上等麻酔ボルト。作業台が必要。,동물을 마취하는 최상급 마취 볼트. 작업대 필요.,Doskonały bełt usypiający do usypiania zwierząt. Wymaga warsztatu.,Virote tranquilizante superior para sedar animais. Requer uma bancada.,Превосходный усыпляющий болт для животных. Требуется верстак.,Hayvanları sakinleştirmek için üstün arbalet oku. Çalışma tezgâhı gerektirir.,用于麻醉动物的优质麻醉弩箭。需要工作台。,用於麻醉動物的優質麻醉十字弓箭。需要工作臺。
tranqBoltT5,,,,,,Tranquilizer Bolt T5,,Betäubungsbolzen T5,Saeta tranquilizante T5,Carreau tranquillisant T5,Dardo tranquillante T5,麻酔ボルト T5,마취 볼트 T5,Bełt usypiający T5,Virote tranquilizante T5,Усыпляющий болт T5,Sakinleştirici Arbalet Oku T5,麻醉弩箭 T5,麻醉十字弓箭 T5
tranqBoltT5_Desc,,,,,,Elite tranquilizer bolt for sedating animals. Requires workbench.,,Elite-Betäubungsbolzen zum Betäuben von Tieren. Benötigt eine Werkbank.,Saeta tranquilizante de élite para sedar animales. Requiere una mesa de trabajo.,Carreau tranquillisant d'élite pour tranquilliser les animaux. Nécessite un établi.,Dardo tranquillante d'élite per sedare gli animali. Richiede un banco da lavoro.,動物を麻酔するエリート麻酔ボルト。作業台が必要。,동물을 마취하는 엘리트 마취 볼트. 작업대 필요.,Elitarny bełt usypiający do usypiania zwierząt. Wymaga warsztatu.,Virote tranquilizante de elite para sedar animais. Requer uma bancada.,Элитный усыпляющий болт для животных. Требуется верстак.,Hayvanları sakinleştirmek için elit arbalet oku. Çalışma tezgâhı gerektirir.,用于麻醉动物的精英麻醉弩箭。需要工作台。,用於麻醉動物的精英麻醉十字弓箭。需要工作臺。
itemSedativeT1,,,,,,Sedative T1,,Sedativum T1,Sedante T1,Sédatif T1,Sedativo T1,鎮静剤 T1,진정제 T1,Środek uspokajający T1,Sedativo T1,Седативное средство T1,Sakinleştirici T1,镇静剂 T1,鎮靜劑 T1
itemSedativeT1_Desc,,,,,,Basic sedative for crafting tranquilizer arrows and bolts. Requires chemistry station.,,Einfaches Sedativum zur Herstellung von Betäubungspfeilen und -bolzen. Benötigt eine Chemiestation.,Sedante básico para fabricar flechas y saetas tranquilizantes. Requiere una estación de química.,Sédatif basique pour fabriquer des flèches et carreaux tranquillisants. Nécessite un atelier de chimie.,Sedativo base per creare frecce e dardi tranquillanti. Richiede un laboratorio chimico.,麻酔矢・ボルト作成用の基本鎮静剤。化学実験ステーションが必要。,마취 화살과 볼트 제작용 기본 진정제. 화학 작업기 필요.,Podstawowy środek uspokajający do tworzenia strzał i bełtów usypiających. Wymaga laboratorium chemicznego.,Sedativo básico para fabricar flechas e virotes tranquilizantes. Requer uma estação de química.,Базовое седативное для изготовления усыпляющих стрел и болтов. Требуется химлаборатория.,Sakinleştirici ok ve arbalet oku üretmek için temel sakinleştirici. Kimya İstasyonu gerektirir.,用于制作麻醉箭和弩箭的基础镇静剂。需要化学工作站。,用於製作麻醉箭和十字弓箭的基礎鎮靜劑。需要化學工作站。
itemSedativeT2,,,,,,Sedative T2,,Sedativum T2,Sedante T2,Sédatif T2,Sedativo T2,鎮静剤 T2,진정제 T2,Środek uspokajający T2,Sedativo T2,Седативное средство T2,Sakinleştirici T2,镇静剂 T2,鎮靜劑 T2
itemSedativeT2_Desc,,,,,,Improved sedative for crafting tranquilizer arrows and bolts. Requires chemistry station.,,Verbessertes Sedativum zur Herstellung von Betäubungspfeilen und -bolzen. Benötigt eine Chemiestation.,Sedante mejorado para fabricar flechas y saetas tranquilizantes. Requiere una estación de química.,Sédatif amélioré pour fabriquer des flèches et carreaux tranquillisants. Nécessite un atelier de chimie.,Sedativo migliorato per creare frecce e dardi tranquillanti. Richiede un laboratorio chimico.,麻酔矢・ボルト作成用の改良鎮静剤。化学実験ステーションが必要。,마취 화살과 볼트 제작용 개선된 진정제. 화학 작업기 필요.,Ulepszony środek uspokajający do tworzenia strzał i bełtów usypiających. Wymaga laboratorium chemicznego.,Sedativo aprimorado para fabricar flechas e virotes tranquilizantes. Requer uma estação de química.,Улучшенное седативное для изготовления усыпляющих стрел и болтов. Требуется химлаборатория.,Sakinleştirici ok ve arbalet oku üretmek için geliştirilmiş sakinleştirici. Kimya İstasyonu gerektirir.,用于制作麻醉箭和弩箭的改良镇静剂。需要化学工作站。,用於製作麻醉箭和十字弓箭的改良鎮靜劑。需要化學工作站。
itemSedativeT3,,,,,,Sedative T3,,Sedativum T3,Sedante T3,Sédatif T3,Sedativo T3,鎮静剤 T3,진정제 T3,Środek uspokajający T3,Sedativo T3,Седативное средство T3,Sakinleştirici T3,镇静剂 T3,鎮靜劑 T3
itemSedativeT3_Desc,,,,,,Advanced sedative for crafting tranquilizer arrows and bolts. Requires chemistry station.,,Fortschrittliches Sedativum zur Herstellung von Betäubungspfeilen und -bolzen. Benötigt eine Chemiestation.,Sedante avanzado para fabricar flechas y saetas tranquilizantes. Requiere una estación de química.,Sédatif avancé pour fabriquer des flèches et carreaux tranquillisants. Nécessite un atelier de chimie.,Sedativo avanzato per creare frecce e dardi tranquillanti. Richiede un laboratorio chimico.,麻酔矢・ボルト作成用の上級鎮静剤。化学実験ステーションが必要。,마취 화살과 볼트 제작용 고급 진정제. 화학 작업기 필요.,Zaawansowany środek uspokajający do tworzenia strzał i bełtów usypiających. Wymaga laboratorium chemicznego.,Sedativo avançado para fabricar flechas e virotes tranquilizantes. Requer uma estação de química.,Продвинутое седативное для изготовления усыпляющих стрел и болтов. Требуется химлаборатория.,Sakinleştirici ok ve arbalet oku üretmek için gelişmiş sakinleştirici. Kimya İstasyonu gerektirir.,用于制作麻醉箭和弩箭的高级镇静剂。需要化学工作站。,用於製作麻醉箭和十字弓箭的高級鎮靜劑。需要化學工作站。
itemSedativeT4,,,,,,Sedative T4,,Sedativum T4,Sedante T4,Sédatif T4,Sedativo T4,鎮静剤 T4,진정제 T4,Środek uspokajający T4,Sedativo T4,Седативное средство T4,Sakinleştirici T4,镇静剂 T4,鎮靜劑 T4
itemSedativeT4_Desc,,,,,,Superior sedative for crafting tranquilizer arrows and bolts. Requires chemistry station.,,Hochwertiges Sedativum zur Herstellung von Betäubungspfeilen und -bolzen. Benötigt eine Chemiestation.,Sedante superior para fabricar flechas y saetas tranquilizantes. Requiere una estación de química.,Sédatif supérieur pour fabriquer des flèches et carreaux tranquillisants. Nécessite un atelier de chimie.,Sedativo superiore per creare frecce e dardi tranquillanti. Richiede un laboratorio chimico.,麻酔矢・ボルト作成用の上等鎮静剤。化学実験ステーションが必要。,마취 화살과 볼트 제작용 최상급 진정제. 화학 작업기 필요.,Doskonały środek uspokajający do tworzenia strzał i bełtów usypiających. Wymaga laboratorium chemicznego.,Sedativo superior para fabricar flechas e virotes tranquilizantes. Requer uma estação de química.,Превосходное седативное для изготовления усыпляющих стрел и болтов. Требуется химлаборатория.,Sakinleştirici ok ve arbalet oku üretmek için üstün sakinleştirici. Kimya İstasyonu gerektirir.,用于制作麻醉箭和弩箭的优质镇静剂。需要化学工作站。,用於製作麻醉箭和十字弓箭的優質鎮靜劑。需要化學工作站。
itemSedativeT5,,,,,,Sedative T5,,Sedativum T5,Sedante T5,Sédatif T5,Sedativo T5,鎮静剤 T5,진정제 T5,Środek uspokajający T5,Sedativo T5,Седативное средство T5,Sakinleştirici T5,镇静剂 T5,鎮靜劑 T5
itemSedativeT5_Desc,,,,,,Elite sedative for crafting tranquilizer arrows and bolts. Requires chemistry station.,,Elite-Sedativum zur Herstellung von Betäubungspfeilen und -bolzen. Benötigt eine Chemiestation.,Sedante de élite para fabricar flechas y saetas tranquilizantes. Requiere una estación de química.,Sédatif d'élite pour fabriquer des flèches et carreaux tranquillisants. Nécessite un atelier de chimie.,Sedativo d'élite per creare frecce e dardi tranquillanti. Richiede un laboratorio chimico.,麻酔矢・ボルト作成用のエリート鎮静剤。化学実験ステーションが必要。,마취 화살과 볼트 제작용 엘리트 진정제. 화학 작업기 필요.,Elitarny środek uspokajający do tworzenia strzał i bełtów usypiających. Wymaga laboratorium chemicznego.,Sedativo de elite para fabricar flechas e virotes tranquilizantes. Requer uma estação de química.,Элитное седативное для изготовления усыпляющих стрел и болтов. Требуется химлаборатория.,Sakinleştirici ok ve arbalet oku üretmek için elit sakinleştirici. Kimya İstasyonu gerektirir.,用于制作麻醉箭和弩箭的精英镇静剂。需要化学工作站。,用於製作麻醉箭和十字弓箭的精英鎮靜劑。需要化學工作站。
statTamingSedationValue,,,,,,Sedation,,Sedierung,Sedación,Sédation,Sedazione,鎮静,진정,Sedacja,Sedação,Седация,Sakinleştirme,镇静,鎮靜
statTamingValue,,,,,,Taming Amount,,Zähmmenge,Cantidad de domesticación,Quantité d'apprivoisement,Quantità di addomesticamento,テイム量,길들이기 수치,Ilość oswajania,Quantidade de domesticação,Количество приручения,Ehlileştirme Miktarı,驯化量,馴化量
companionAnimalTrough,,,,,,Animal Trough,,Tierfuttertrog,Comedero de animales,Mangeoire pour animaux,Mangiatoia per animali,動物用飼い桶,동물 여물통,Koryto dla zwierząt,Cocho de animais,Кормушка для животных,Hayvan Yemliği,动物食槽,動物食槽
companionAnimalTroughDesc,,,,,,A storage trough that nearby companions can use for food and water.,,"Ein Futtertrog mit Vorrat, aus dem nahe Begleiter Futter und Wasser nehmen können.",Un comedero con almacenamiento del que los compañeros cercanos pueden sacar comida y agua.,Une mangeoire de stockage dont les compagnons proches peuvent prendre nourriture et eau.,Una mangiatoia con riserva da cui i compagni vicini possono prendere cibo e acqua.,近くのコンパニオンが食料と水を取れる収納付きの飼い桶。,근처 동료가 먹이와 물을 꺼내 쓸 수 있는 저장형 여물통.,"Koryto magazynowe, z którego pobliscy towarzysze mogą brać jedzenie i wodę.",Um cocho de armazenamento do qual companheiros próximos podem pegar comida e água.,"Кормушка-хранилище, из которой ближайшие компаньоны могут брать еду и воду.",Yakındaki yoldaşların yiyecek ve su alabileceği bir depolama yemliği.,可供附近同伴取用食物和饮水的储存食槽。,可供附近同伴取用食物和飲水的儲存食槽。
Companions,,,,,,Companions,,Begleiter,Compañeros,Compagnons,Compagni,コンパニオン,동료,Towarzysze,Companheiros,Компаньоны,Yoldaşlar,同伴,同伴
companionsStarterEnabled,,,,,,Starting Companion,,Startbegleiter,Compañero inicial,Compagnon de départ,Compagno iniziale,開始時のコンパニオン,시작 동료,Towarzysz początkowy,Companheiro inicial,Стартовый компаньон,Başlangıç Yoldaşı,初始同伴,初始同伴
companionsStarterEnabledDesc,,,,,,Give each player one companion when they first enter a new world.,,Gibt jedem Spieler beim ersten Betreten einer neuen Welt einen Begleiter.,Da a cada jugador un compañero la primera vez que entra en un mundo nuevo.,Donne à chaque joueur un compagnon lors de sa première entrée dans un nouveau monde.,Assegna a ogni giocatore un compagno al primo ingresso in un nuovo mondo.,各プレイヤーが新しいワールドに初めて入ったとき、コンパニオンを1体与えます。,각 플레이어가 새 월드에 처음 입장할 때 동료 한 마리를 지급합니다.,Daje każdemu graczowi jednego towarzysza przy pierwszym wejściu do nowego świata.,Concede um companheiro a cada jogador na primeira vez que entrar em um novo mundo.,Выдаёт каждому игроку одного компаньона при первом входе в новый мир.,Her oyuncuya yeni bir dünyaya ilk girdiğinde bir yoldaş verir.,每位玩家首次进入新世界时获得一名同伴。,每位玩家首次進入新世界時獲得一名同伴。
companionsStarterAnimal,,,,,,Starter Companion,,Ausgewählter Startbegleiter,Compañero inicial seleccionado,Compagnon de départ choisi,Compagno iniziale selezionato,開始時のコンパニオン,시작 동료 선택,Wybrany towarzysz początkowy,Companheiro inicial selecionado,Выбранный стартовый компаньон,Seçilen Başlangıç Yoldaşı,初始同伴类型,初始同伴類型
companionsStarterAnimalDesc,,,,,,Choose which tamable animal is granted as the starting companion.,,"Wählt aus, welches zähmbare Tier als Startbegleiter vergeben wird.",Elige qué animal domesticable se concede como compañero inicial.,Choisissez quel animal apprivoisable est donné comme compagnon de départ.,Scegli quale animale addomesticabile viene assegnato come compagno iniziale.,開始時のコンパニオンとして与えるテイム可能な動物を選択します。,시작 동료로 지급할 길들일 수 있는 동물을 선택합니다.,Wybierz oswajalne zwierzę przyznawane jako towarzysz początkowy.,Escolha qual animal domesticável será concedido como companheiro inicial.,"Выберите приручаемое животное, которое будет выдано как стартовый компаньон.",Başlangıç yoldaşı olarak verilecek evcilleştirilebilir hayvanı seçin.,选择作为初始同伴获得的可驯服动物。,選擇作為初始同伴獲得的可馴服動物。
companionsStarterAge,,,,,,Starter Companion Age,,Alter des Startbegleiters,Edad del compañero inicial,Âge du compagnon de départ,Età del compagno iniziale,開始時のコンパニオンの年齢,시작 동료 나이,Wiek towarzysza początkowego,Idade do companheiro inicial,Возраст стартового компаньона,Başlangıç Yoldaşı Yaşı,初始同伴年龄,初始同伴年齡
companionsStarterAgeDesc,,,,,,Choose the age stage of the starting companion.,,Wählt die Altersstufe des Startbegleiters.,Elige la etapa de edad del compañero inicial.,Choisissez le stade d'âge du compagnon de départ.,Scegli la fase d'età del compagno iniziale.,開始時のコンパニオンの成長段階を選択します。,시작 동료의 성장 단계를 선택합니다.,Wybierz etap wieku towarzysza początkowego.,Escolha a fase de idade do companheiro inicial.,Выберите возрастную стадию стартового компаньона.,Başlangıç yoldaşının yaş evresini seçin.,选择初始同伴的年龄阶段。,選擇初始同伴的年齡階段。
companionsStarterAgeInfant,,,,,,Infant,,Säugling,Cría,Nourrisson,Cucciolo,幼体,유아기,Niemowlę,Filhote,Детёныш,Yavru,幼崽,幼崽
companionsStarterAgeJuvenile,,,,,,Juvenile,,Jungtier,Joven,Jeune,Giovane,若年,성장기,Młody,Jovem,Молодняк,Genç,幼年,幼年
companionsStarterAgeAdult,,,,,,Adult,,Ausgewachsen,Adulto,Adulte,Adulto,成体,성체,Dorosły,Adulto,Взрослый,Yetişkin,成年,成年
companionsStarterAgeElder,,,,,,Elder,,Alt,Anciano,Âgé,Anziano,老齢,노령,Stary,Idoso,Пожилой,Yaşlı,老年,老年
sandboxOptionCategoryCompanions,,,,,,Companions,,Begleiter,Compañeros,Compagnons,Compagni,コンパニオン,동료,Towarzysze,Companheiros,Компаньоны,Yoldaşlar,同伴,同伴
companionsStarterGender,,,,,,Starter Companion Gender,,Geschlecht des Startbegleiters,Género del compañero inicial,Sexe du compagnon de départ,Genere del compagno iniziale,開始時のコンパニオンの性別,시작 동료 성별,Płeć towarzysza początkowego,Gênero do companheiro inicial,Пол стартового компаньона,Başlangıç Yoldaşı Cinsiyeti,初始同伴性别,初始同伴性別
companionsStarterGenderDesc,,,,,,Choose the gender of the starting companion.,,Wählt das Geschlecht des Startbegleiters.,Elige el género del compañero inicial.,Choisissez le sexe du compagnon de départ.,Scegli il genere del compagno iniziale.,開始時のコンパニオンの性別を選択します。,시작 동료의 성별을 선택합니다.,Wybierz płeć towarzysza początkowego.,Escolha o gênero do companheiro inicial.,Выберите пол стартового компаньона.,Başlangıç yoldaşının cinsiyetini seçin.,选择初始同伴的性别。,選擇初始同伴的性別。
companionsStarterGenderRandom,,,,,,Random,,Zufällig,Aleatorio,Aléatoire,Casuale,ランダム,무작위,Losowa,Aleatório,Случайно,Rastgele,随机,隨機
companionsStarterGenderMale,,,,,,Male,,Männlich,Macho,Mâle,Maschio,オス,수컷,Samiec,Macho,Самец,Erkek,雄性,雄性
companionsStarterGenderFemale,,,,,,Female,,Weiblich,Hembra,Femelle,Femmina,メス,암컷,Samica,Fêmea,Самка,Dişi,雌性,雌性
companionRevivalBandage,,,,,,Companion Revival Bandage,,Wiederbelebungsverband für Begleiter,Venda de reanimación para compañeros,Bandage de réanimation pour compagnon,Benda di rianimazione per compagni,コンパニオン蘇生包帯,동료 소생 붕대,Bandaż wskrzeszający towarzysza,Atadura de reanimação para companheiros,Бинт для воскрешения компаньона,Yoldaş Canlandırma Bandajı,伙伴复活绷带,夥伴復活繃帶
companionRevivalBandageDesc,,,,,,A highly medical bandage for reviving a dead companion.\n\nAs long as there is still a body!,,Ein hochwirksamer medizinischer Verband zur Wiederbelebung eines verstorbenen Begleiters.\n\nSolange noch ein Körper vorhanden ist!,Una venda médica altamente eficaz para reanimar a un compañero muerto.\n\n¡Siempre que aún quede un cuerpo!,Un bandage médical très efficace permettant de réanimer un compagnon mort.\n\nTant qu’il reste encore un corps !,Una benda medica altamente efficace per rianimare un compagno morto.\n\nPurché ci sia ancora un corpo!,死亡したコンパニオンを蘇生するための高性能な医療包帯。\n\nまだ遺体が残っている限り！,죽은 동료를 소생시키는 고성능 의료 붕대입니다.\n\n시신이 아직 남아 있다면 말이죠!,Wysoce skuteczny bandaż medyczny służący do wskrzeszania martwego towarzysza.\n\nO ile ciało nadal istnieje!,Uma atadura médica altamente eficaz para reanimar um companheiro morto.\n\nDesde que ainda exista um corpo!,Высокоэффективный медицинский бинт для воскрешения погибшего компаньона.\n\nЕсли тело всё ещё на месте!,Ölü bir yoldaşı canlandırmak için kullanılan son derece etkili tıbbi bir bandaj.\n\nTabii ortada hâlâ bir beden varsa!,用于复活死亡伙伴的高效医疗绷带。\n\n前提是尸体还在！,用於復活死亡夥伴的高效醫療繃帶。\n\n前提是屍體還在！

